{
    "easycom": {
    	"^z-(.*)": "@zebra-ui/swiper/components/z-$1/z-$1.vue"
    },
	"pages": [{
		"path": "pages/login/login",
		"style": {
			"navigationBarBackgroundColor": "#A3A9E4",
			"navigationBarTextStyle": "black",
			"navigationBarTitleText": "登录"
		}
	}, {
		"path": "pages/register/register",
		"style": {
			"navigationBarBackgroundColor": "#A3A9E4",
			"navigationBarTextStyle": "black",
			"navigationBarTitleText": "注册"
		}
	}, {
		"path": "pages/forget/forget",
		"style": {
			"navigationBarBackgroundColor": "#A3A9E4",
			"navigationBarTextStyle": "black",
			"navigationBarTitleText": "忘记密码"
		}
	}, {
		"path": "pages/center/center",
		"style": {
			"navigationBarBackgroundColor": "#A3A9E4",
			"navigationBarTextStyle": "black",
			"navigationBarTitleText": "我的"
		}
	}, {
		"path": "pages/user-info/user-info",
		"style": {
			"navigationBarBackgroundColor": "#A3A9E4",
			"navigationBarTextStyle": "black",
			"navigationBarTitleText": "用户信息"
		}
	}
	, {
		"path": "pages/news-detail/news-detail",
		"style": {
			"navigationBarBackgroundColor": "#A3A9E4",
			"navigationBarTextStyle": "black",
			"navigationBarTitleText": "资讯详情"
		}
	}
	,{
		"path": "pages/yonghu/list",
		"style": {
			"navigationBarBackgroundColor": "#A3A9E4",
			"navigationBarTextStyle": "black"
		}
	},{
		"path": "pages/yonghu/add-or-update",
		"style": {
			"navigationBarBackgroundColor": "#A3A9E4",
			"navigationBarTextStyle": "black"
		}
	},{
		"path": "pages/yonghu/detail",
		"style": {
			"navigationBarBackgroundColor": "#A3A9E4",
			"navigationBarTextStyle": "black"
		}
	}
	,{
		"path": "pages/zhishifenlei/list",
		"style": {
			"navigationBarBackgroundColor": "#A3A9E4",
			"navigationBarTextStyle": "black"
		}
	},{
		"path": "pages/zhishifenlei/add-or-update",
		"style": {
			"navigationBarBackgroundColor": "#A3A9E4",
			"navigationBarTextStyle": "black"
		}
	},{
		"path": "pages/zhishifenlei/detail",
		"style": {
			"navigationBarBackgroundColor": "#A3A9E4",
			"navigationBarTextStyle": "black"
		}
	}
	,{
		"path": "pages/kepuzhishi/list",
		"style": {
			"navigationBarBackgroundColor": "#A3A9E4",
			"navigationBarTextStyle": "black"
		}
	},{
		"path": "pages/kepuzhishi/add-or-update",
		"style": {
			"navigationBarBackgroundColor": "#A3A9E4",
			"navigationBarTextStyle": "black"
		}
	},{
		"path": "pages/kepuzhishi/detail",
		"style": {
			"navigationBarBackgroundColor": "#A3A9E4",
			"navigationBarTextStyle": "black"
		}
	}
	,{
		"path": "pages/anlifenxi/list",
		"style": {
			"navigationBarBackgroundColor": "#A3A9E4",
			"navigationBarTextStyle": "black"
		}
	},{
		"path": "pages/anlifenxi/add-or-update",
		"style": {
			"navigationBarBackgroundColor": "#A3A9E4",
			"navigationBarTextStyle": "black"
		}
	},{
		"path": "pages/anlifenxi/detail",
		"style": {
			"navigationBarBackgroundColor": "#A3A9E4",
			"navigationBarTextStyle": "black"
		}
	}
	,{
		"path": "pages/storeup/list",
		"style": {
			"navigationBarBackgroundColor": "#A3A9E4",
			"navigationBarTextStyle": "black"
		}
	},{
		"path": "pages/storeup/add-or-update",
		"style": {
			"navigationBarBackgroundColor": "#A3A9E4",
			"navigationBarTextStyle": "black"
		}
	},{
		"path": "pages/storeup/detail",
		"style": {
			"navigationBarBackgroundColor": "#A3A9E4",
			"navigationBarTextStyle": "black"
		}
	}
	,{
		"path": "pages/news/list",
		"style": {
			"navigationBarBackgroundColor": "#A3A9E4",
			"navigationBarTextStyle": "black"
		}
	},{
		"path": "pages/news/add-or-update",
		"style": {
			"navigationBarBackgroundColor": "#A3A9E4",
			"navigationBarTextStyle": "black"
		}
	},{
		"path": "pages/news/detail",
		"style": {
			"navigationBarBackgroundColor": "#A3A9E4",
			"navigationBarTextStyle": "black"
		}
	}
	,{
		"path": "pages/messages/list",
		"style": {
			"navigationBarBackgroundColor": "#A3A9E4",
			"navigationBarTextStyle": "black"
		}
	},{
		"path": "pages/messages/liuyan",
		"style": {
			"navigationBarBackgroundColor": "#A3A9E4",
			"navigationBarTextStyle": "black"
		}
	}
	,{
		"path": "pages/discusskepuzhishi/list",
		"style": {
			"navigationBarBackgroundColor": "#A3A9E4",
			"navigationBarTextStyle": "black"
		}
	},{
		"path": "pages/discusskepuzhishi/add-or-update",
		"style": {
			"navigationBarBackgroundColor": "#A3A9E4",
			"navigationBarTextStyle": "black"
		}
	},{
		"path": "pages/discusskepuzhishi/detail",
		"style": {
			"navigationBarBackgroundColor": "#A3A9E4",
			"navigationBarTextStyle": "black"
		}
	}
	,{
		"path": "pages/discussanlifenxi/list",
		"style": {
			"navigationBarBackgroundColor": "#A3A9E4",
			"navigationBarTextStyle": "black"
		}
	},{
		"path": "pages/discussanlifenxi/add-or-update",
		"style": {
			"navigationBarBackgroundColor": "#A3A9E4",
			"navigationBarTextStyle": "black"
		}
	},{
		"path": "pages/discussanlifenxi/detail",
		"style": {
			"navigationBarBackgroundColor": "#A3A9E4",
			"navigationBarTextStyle": "black"
		}
	}
    , {
		"path": "pages/forum-index/forum-index",
		"style": {
			"navigationBarBackgroundColor": "#A4A8E2",
			"navigationBarTextStyle": "black",
			"navigationBarTitleText": "首页"
		}
	}, {
		"path": "pages/forum-detail/forum-detail",
		"style": {
			"navigationBarBackgroundColor": "#A3A9E4",
			"navigationBarTextStyle": "black",
			"navigationBarTitleText": "交流论坛发帖详情"
		}
	}, {
		"path": "pages/forum-reply/forum-reply",
		"style": {
			"navigationBarBackgroundColor": "#A3A9E4",
			"navigationBarTextStyle": "black",
			"navigationBarTitleText": "回复评论"
		}
	}, {
		"path": "pages/forum-list/list",
		"style": {
			"navigationBarBackgroundColor": "#A3A9E4",
			"navigationBarTextStyle": "black",
			"navigationBarTitleText": "我的发布"
		}
	}, {
		"path": "pages/forum-my/forum-my",
		"style": {
			"navigationBarBackgroundColor": "#A3A9E4",
			"navigationBarTextStyle": "black",
			"navigationBarTitleText": "我的发布"
		}
	}, {
		"path": "pages/forum-add-or-update/forum-add-or-update",
		"style": {
			"navigationBarBackgroundColor": "#A3A9E4",
			"navigationBarTextStyle": "black",
			"navigationBarTitleText": "我的发布"
		}
	}
	, {
		"path": "pages/exampaperlist/list",
		"style": {
			"navigationBarBackgroundColor": "#A3A9E4",
			"navigationBarTextStyle": "black",
			"navigationBarTitleText": "在线答题列表"
		}
	}, {
		"path": "pages/exampaperlist/exam",
		"style": {
			"navigationStyle": "custom"
		}
	}, {
		"path": "pages/examrecord/list",
		"style": {
			"navigationBarBackgroundColor": "#A3A9E4",
			"navigationBarTextStyle": "black",
			"navigationBarTitleText": "答题记录"
		}
	}, {
		"path": "pages/examrecord/detail",
		"style": {
			"navigationBarBackgroundColor": "#A3A9E4",
			"navigationBarTextStyle": "black",
			"navigationBarTitleText": "答题记录"
		}
	}, {
		"path": "pages/examfailrecord/list",
		"style": {
			"navigationBarBackgroundColor": "#A3A9E4",
			"navigationBarTextStyle": "black",
			"navigationBarTitleText": "错题本"
		}
	}
	, {
		"path": "pages/index/index",
		"style": {
			"navigationBarBackgroundColor": "#A4A8E2",
			"navigationBarTextStyle": "black",
			"navigationBarTitleText": "首页"
		}
	}
	],
	"globalStyle": {
		"navigationBarTextStyle": "black",
		"navigationBarTitleText": "网络安全科普系统",
		"navigationBarBackgroundColor": "#F8F8F8",
		"backgroundColor": "#F8F8F8"
	},
	"tabBar": {
		"color": "#BBBBBB",
		"selectedColor": "#A3A9E4",
		"borderStyle": "white",
		"backgroundColor": "#FFFFFF",
		"list": [{
				"pagePath": "pages/index/index",
				"iconPath": "static/tabs/index.png",
				"selectedIconPath": "static/tabs/index1.png",
				"text": "首页"
			}
			



			,{
			 	"pagePath": "pages/exampaperlist/list",
				"iconPath": "static/tabs/exam.png",
			 	"selectedIconPath": "static/tabs/exam_act.png",
				"text": "答题"
			}

			,{
			 	"pagePath": "pages/messages/list",
				"iconPath": "static/tabs/message.png",
			 	"selectedIconPath": "static/tabs/message_act.png",
				"text": "建议反馈"
			}

			,{
			 	"pagePath": "pages/forum-index/forum-index",
				"iconPath": "static/tabs/forum.png",
			 	"selectedIconPath": "static/tabs/forum_act.png",
				"text": "交流论坛"
			}


			,{
				"pagePath": "pages/center/center",
				"iconPath": "static/tabs/mine.png",
				"selectedIconPath": "static/tabs/mine1.png",
				"text": "我的"
			}
		]
	}
}
